{
	"__comment": "Designed by Sphax for PureBDcraft - http://bdcraft.net",
    "ambientocclusion": false,
    "textures": {
        "particle": "#layer0"
    },
    "elements": [
        {   "from": [ 0.8, 0, 7.95 ],
            "to": [ 15.2, 16, 8 ],
            "rotation": { "origin": [ 8, 8, 8 ], "axis": "y", "angle": 45, "rescale": true },
            "shade": false,
            "faces": {
                "north": { "uv": [ 16, 0, 0, 16 ], "texture": "#layer0" },
                "south": { "uv": [ 0, 0, 16, 16 ], "texture": "#layer0" }
            }
        },
        {   "from": [ 7.95, 0, 0.8 ],
            "to": [ 8, 16, 15.2 ],
            "rotation": { "origin": [ 8, 8, 8 ], "axis": "y", "angle": 45, "rescale": true },
            "shade": false,
            "faces": {
                "west": { "uv": [ 0, 0, 16, 16 ], "texture": "#layer0" },
                "east": { "uv": [ 16, 0, 0, 16 ], "texture": "#layer0" }
            }
        }
    ],
	"display": {
		"thirdperson": {
			"rotation": [ -90, 0, 0 ],
			"translation": [ 0, 1, -3 ],
			"scale": [ 0.6, 0.6, 0.6 ]
		},
		"firstperson": {
			"rotation": [ 0, 270, 0 ],
			"translation": [ 2, 4, 2 ],
			"scale": [ 1.5, 1.5, 1.5 ]
		},
		"gui": {
			"rotation": [ -30, 135, 0 ],
			"translation": [ 0, 0, 0 ],
			"scale": [ 1.8, 1.8, 1.8 ]
		}
	}
}
