{
    "parent": "block/dark_oak_door_bottom",
	"display": {
		"thirdperson": {
			"rotation": [ -90, 0, 0 ],
			"translation": [ 1.8, 2.5, 0 ],
			"scale": [ 0.5, 0.5, 0.5 ]
		},
		"head": {
			"rotation": [ 0, 90, 0 ],
			"translation": [ 0, -4, 1 ],
			"scale": [ 1, 1, 1 ]
		},
		"firstperson": {
			"rotation": [ -22, -25, 0 ],
			"translation": [ -5, 3.5, 3.5 ],
			"scale": [ 0.6, 0.6, 0.6 ]
		},
		"gui": {
			"rotation": [ 0, -135, -30 ],
			"translation": [ 0, -3.5, 0 ],
			"scale": [ 1, 0.8, 0.8 ]
		}
	}
}