{
	"__comment": "Designed by Sphax for PureBDcraft - http://bdcraft.net",
	"textures": {
		"particle": "blocks/redstone_torch_on",
		"torch": "blocks/redstone_torch_on"
	},
	"elements": [
	{
		"from": [ 6, 11, 6 ],
		"to": [ 10, 11, 10 ],
		"shade": false,
		"faces": {
			"up":    { "uv": [ 8, 6, 8.75, 6.75 ], "texture": "#torch" }
		}
	},
	{
		"from": [ 5.75, 7, 9.75 ],
		"to": [ 6.25, 10, 10.25 ],
		"__comment": "ironV",
		"faces": {
			"down":  { "uv": [ 0, 9, 0.5, 9.5 ], "texture": "#torch" },
			"up":    { "uv": [ 0.5, 9.5, 1, 10 ], "texture": "#torch" },
			"north": { "uv": [ 5, 6, 5.5, 9 ], "texture": "#torch" },
			"south": { "uv": [ 5, 6, 5.5, 9 ], "texture": "#torch" },
			"west":  { "uv": [ 5, 6, 5.5, 9 ], "texture": "#torch" },
			"east":  { "uv": [ 5, 6, 5.5, 9 ], "texture": "#torch" }
		}
	},
	{
		"from": [ 9.75, 7, 9.75 ],
		"to": [ 10.25, 10, 10.25 ],
		"__comment": "ironV",
		"faces": {
			"down":  { "uv": [ 0, 9, 0.5, 9.5 ], "texture": "#torch" },
			"up":    { "uv": [ 0.5, 9.5, 1, 10 ], "texture": "#torch" },
			"north": { "uv": [ 5, 6, 5.5, 9 ], "texture": "#torch" },
			"south": { "uv": [ 5, 6, 5.5, 9 ], "texture": "#torch" },
			"west":  { "uv": [ 5, 6, 5.5, 9 ], "texture": "#torch" },
			"east":  { "uv": [ 5, 6, 5.5, 9 ], "texture": "#torch" }
		}
	},
	{
		"from": [ 9.75, 7, 5.75 ],
		"to": [ 10.25, 10, 6.25 ],
		"__comment": "ironV",
		"faces": {
			"down":  { "uv": [ 0, 9, 0.5, 9.5 ], "texture": "#torch" },
			"up":    { "uv": [ 0.5, 9.5, 1, 10 ], "texture": "#torch" },
			"north": { "uv": [ 5, 6, 5.5, 9 ], "texture": "#torch" },
			"south": { "uv": [ 5, 6, 5.5, 9 ], "texture": "#torch" },
			"west":  { "uv": [ 5, 6, 5.5, 9 ], "texture": "#torch" },
			"east":  { "uv": [ 5, 6, 5.5, 9 ], "texture": "#torch" }
		}
	},
	{
		"from": [ 5.75, 7, 5.75 ],
		"to": [ 6.25, 10, 6.25 ],
		"__comment": "ironV",
		"faces": {
			"down":  { "uv": [ 0, 9, 0.5, 9.5 ], "texture": "#torch" },
			"up":    { "uv": [ 0.5, 9.5, 1, 10 ], "texture": "#torch" },
			"north": { "uv": [ 5, 6, 5.5, 9 ], "texture": "#torch" },
			"south": { "uv": [ 5, 6, 5.5, 9 ], "texture": "#torch" },
			"west":  { "uv": [ 5, 6, 5.5, 9 ], "texture": "#torch" },
			"east":  { "uv": [ 5, 6, 5.5, 9 ], "texture": "#torch" }
		}
	},
	{
		"from": [ 6.5, 2, 6.5 ],
		"to": [ 9.5, 4, 9.5 ],
		"__comment": "ironB",
		"faces": {
			"down":  { "uv": [ 0, 9, 3, 12 ], "texture": "#torch" },
			"up":    { "uv": [ 0, 9, 3, 12 ], "texture": "#torch" },
			"north": { "uv": [ 6, 12, 10, 14 ], "texture": "#torch" },
			"south": { "uv": [ 6, 12, 10, 14 ], "texture": "#torch" },
			"west":  { "uv": [ 6, 12, 10, 14 ], "texture": "#torch" },
			"east":  { "uv": [ 6, 12, 10, 14 ], "texture": "#torch" }
		}
	},
	{
		"from": [ 6, 7.5, 6 ],
		"to": [ 10, 13, 10 ],
		"shade": false,
		"__comment": "torch",
		"faces": {
			"north": { "uv": [ 6, 3, 10, 8.5 ], "texture": "#torch" },
			"south": { "uv": [ 6, 3, 10, 8.5 ], "texture": "#torch" },
			"west":  { "uv": [ 6, 3, 10, 8.5 ], "texture": "#torch" },
			"east":  { "uv": [ 6, 3, 10, 8.5 ], "texture": "#torch" }
		}
	},
	{
		"from": [ 6, 6.5, 6 ],
		"to": [ 10, 7.5, 10 ],
		"__comment": "iron_base",
		"faces": {
			"down":  { "uv": [ 0, 9, 3, 12 ], "texture": "#torch" },
			"up":    { "uv": [ 0, 13, 3, 16 ], "texture": "#torch" },
			"north": { "uv": [ 6.5, 8.5, 9.5, 9.5 ], "texture": "#torch" },
			"south": { "uv": [ 6.5, 8.5, 9.5, 9.5 ], "texture": "#torch" },
			"west":  { "uv": [ 6.5, 8.5, 9.5, 9.5 ], "texture": "#torch" },
			"east":  { "uv": [ 6.5, 8.5, 9.5, 9.5 ], "texture": "#torch" }
		}
	},
	{
		"from": [ 7, 0, 7 ],
		"to": [ 9, 6.5, 9 ],
		"__comment": "wood",
		"faces": {
			"down":  { "uv": [ 7, 14, 9, 15 ], "texture": "#torch" },
			"north": { "uv": [ 7, 9.5, 9, 16 ], "texture": "#torch" },
			"south": { "uv": [ 7, 9.5, 9, 16 ], "texture": "#torch" },
			"west":  { "uv": [ 7, 9.5, 9, 16 ], "texture": "#torch" },
			"east":  { "uv": [ 7, 9.5, 9, 16 ], "texture": "#torch" }
		}
	}
	],
	"display": {
		"thirdperson": {
			"rotation": [ -90, 0, 0 ],
			"translation": [ 0, 1, -4 ],
			"scale": [ 0.7, 0.8, 0.7 ]
		},
		"firstperson": {
			"rotation": [ 0, 90, 0 ],
			"translation": [ 4, 4, 2 ],
			"scale": [ 1.5, 1.5, 1.5 ]
		},
		"gui": {
			"rotation": [ 0, 0, 0 ],
			"translation": [ 0, 2, 0 ],
			"scale": [ 2, 2, 2 ]
		}
	}
}
