{
"__comment": "Designed by Sphax with Cubik for PureBDcraft - http://bdcraft.net",
"ambientocclusion": false,
"textures": {
    "particle": "blocks/door_wood_lower",
    "door": "blocks/door_wood_lower"
},
"elements": [ 
{
    "from": [ 0, 2.5, 0 ],
    "to": [ 3, 5, 2 ],
    "faces": {
        "down":  { "uv": [ 0, 11, 0.5, 11.5 ], "texture": "#door" },
        "up":    { "uv": [ 0, 11, 0.5, 11.5 ], "texture": "#door" },
        "north": { "uv": [ 0, 11, 0.5, 13.5 ], "texture": "#door" },
        "south": { "uv": [ 0, 11, 0.5, 13.5 ], "texture": "#door" },
        "west":  { "uv": [ 0, 11, 2, 13.5 ], "texture": "#door" },
        "east":  { "uv": [ 0, 11, 2, 13.5 ], "texture": "#door" }
    }
},
{
    "from": [ 0, 11.5, 0 ],
    "to": [ 3, 14, 2 ],
    "faces": {
        "down":  { "uv": [ 0, 2, 0.5, 2.5 ], "texture": "#door" },
        "up":    { "uv": [ 0, 2, 0.5, 2.5 ], "texture": "#door" },
        "north": { "uv": [ 0.5, 2, 0, 4.5 ], "texture": "#door" },
        "south": { "uv": [ 0, 2, 0.5, 4.5 ], "texture": "#door" },
        "west":  { "uv": [ 0, 2, 2, 4.5 ], "texture": "#door" },
        "east":  { "uv": [ 0, 2, 2, 4.5 ], "texture": "#door" }
    }
},
{
    "from": [ 0.75, 0, 0 ],
    "to": [ 2.25, 16, 16 ],
    "faces": {
        "down":  { "uv": [ 0, 6, 1.5, 9.25 ], "texture": "#door" },
        "up":    { "uv": [ 0, 6, 1.5, 9 ], "texture": "#door" },
        "north": { "uv": [ 0, 0, 0.5, 16 ], "texture": "#door" },
        "south": { "uv": [ 0, 6, 1.5, 9.25 ], "texture": "#door" },
        "west":  { "uv": [ 0, 0, 16, 16 ], "texture": "#door" },
        "east":  { "uv": [ 16, 0, 0, 16 ], "texture": "#door" }
    }
}
]
}