{
"__comment": "Designed by Sphax with Cubik for PureBDcraft - http://bdcraft.net",
"textures": {
    "bookshelf": "blocks/bookshelf",
    "planks_oak": "blocks/planks_oak",
    "particle": "blocks/planks_oak"
},
"elements": [ 
{
    "from": [ 0, 1.25, 0 ],
    "to": [ 1.25, 14.75, 1.25 ],
    "faces": {
        "north": { "uv": [ 14.75, 1.25, 16, 14.75 ], "texture": "#bookshelf" },
        "south": { "uv": [ 0, 1.25, 1.25, 14.75 ], "texture": "#bookshelf" },
        "west":  { "uv": [ 0, 1.25, 1.25, 14.75 ], "texture": "#bookshelf" },
        "east":  { "uv": [ 14.75, 1.25, 16, 14.75 ], "texture": "#bookshelf" }
    }
},
{
    "from": [ 14.75, 1.25, 0 ],
    "to": [ 16, 14.75, 1.25 ],
    "__comment": "Cube*",
    "faces": {
        "north": { "uv": [ 0, 1.25, 1.25, 14.75 ], "texture": "#bookshelf" },
        "south": { "uv": [ 14.75, 1.25, 16, 14.75 ], "texture": "#bookshelf" },
        "west":  { "uv": [ 0, 1.25, 1.25, 14.75 ], "texture": "#bookshelf" },
        "east":  { "uv": [ 14.75, 1.25, 16, 14.75 ], "texture": "#bookshelf" }
    }
},
{
    "from": [ 0, 1.25, 14.75 ],
    "to": [ 1.25, 14.75, 16 ],
    "__comment": "Cube*",
    "faces": {
        "north": { "uv": [ 14.75, 1.25, 16, 14.75 ], "texture": "#bookshelf" },
        "south": { "uv": [ 0, 1.25, 1.25, 14.75 ], "texture": "#bookshelf" },
        "west":  { "uv": [ 14.75, 1.25, 16, 14.75 ], "texture": "#bookshelf" },
        "east":  { "uv": [ 0, 1.25, 1.25, 14.75 ], "texture": "#bookshelf" }
    }
},
{
    "from": [ 14.75, 1.25, 14.75 ],
    "to": [ 16, 14.75, 16 ],
    "__comment": "Cube*",
    "faces": {
        "north": { "uv": [ 0, 1.25, 1.25, 14.75 ], "texture": "#bookshelf" },
        "south": { "uv": [ 14.75, 1.25, 16, 14.75 ], "texture": "#bookshelf" },
        "west":  { "uv": [ 14.75, 1.25, 16, 14.75 ], "texture": "#bookshelf" },
        "east":  { "uv": [ 0, 1.25, 1.25, 14.75 ], "texture": "#bookshelf" }
    }
},
{
    "from": [ 0, 14.75, 0 ],
    "to": [ 16, 16, 16 ],
    "__comment": "Cube*",
    "faces": {
        "down":  { "uv": [ 0, 16, 16, 0 ], "texture": "#bookshelf" },
        "up":    { "uv": [ 0, 0, 16, 16 ], "texture": "#planks_oak" },
        "north": { "uv": [ 0, 0, 16, 1.25 ], "texture": "#bookshelf" },
        "south": { "uv": [ 0, 0, 16, 1.25 ], "texture": "#bookshelf" },
        "west":  { "uv": [ 0, 0, 16, 1.25 ], "texture": "#bookshelf" },
        "east":  { "uv": [ 0, 0, 16, 1.25 ], "texture": "#bookshelf" }
    }
},
{
    "from": [ 0, 0, 0 ],
    "to": [ 16, 1.25, 16 ],
    "__comment": "Cube*",
    "faces": {
        "down":  { "uv": [ 0, 16, 16, 0 ], "texture": "#planks_oak" },
        "up":    { "uv": [ 0, 0, 16, 16 ], "texture": "#bookshelf" },
        "north": { "uv": [ 0, 14.75, 16, 16 ], "texture": "#bookshelf" },
        "south": { "uv": [ 0, 14.75, 16, 16 ], "texture": "#bookshelf" },
        "west":  { "uv": [ 0, 14.75, 16, 16 ], "texture": "#bookshelf" },
        "east":  { "uv": [ 0, 14.75, 16, 16 ], "texture": "#bookshelf" }
    }
},
{
    "from": [ 0.5, 7.25, 0.5 ],
    "to": [ 15.5, 8.75, 15.5 ],
    "__comment": "Cube*",
    "faces": {
        "down":  { "uv": [ 0.5, 15.5, 15.5, 0.5 ], "texture": "#planks_oak" },
        "up":    { "uv": [ 0.5, 0.5, 15.5, 15.5 ], "texture": "#planks_oak" },
        "north": { "uv": [ 0.5, 7.25, 15.5, 8.75 ], "texture": "#bookshelf" },
        "south": { "uv": [ 0.5, 7.25, 15.5, 8.75 ], "texture": "#bookshelf" },
        "west":  { "uv": [ 0.5, 7.25, 15.5, 8.75 ], "texture": "#bookshelf" },
        "east":  { "uv": [ 0.5, 7.25, 15.5, 8.75 ], "texture": "#bookshelf" }
    }
},
{
    "from": [ 1.25, 1.25, 1.25 ],
    "to": [ 14.75, 14.75, 14.75 ],
    "__comment": "Cube*",
    "faces": {
        "north": { "uv": [ 1.25, 1.25, 14.75, 14.75 ], "texture": "#bookshelf" },
        "south": { "uv": [ 1.25, 1.25, 14.75, 14.75 ], "texture": "#bookshelf" },
        "west":  { "uv": [ 1.25, 1.25, 14.75, 14.75 ], "texture": "#bookshelf" },
        "east":  { "uv": [ 1.25, 1.25, 14.75, 14.75 ], "texture": "#bookshelf" }
    }
}
]
}