{
"__comment": "Designed by Sphax with BDcraft Cubik PRO 0.90 Beta - http://bdcraft.net",
"ambientocclusion": false,
"textures": {
    "particle": "blocks/flower_pot",
    "flowerpot": "blocks/flower_pot",
    "dirt": "blocks/dirt"
},
"elements": [ 
{
    "from": [ 6, 0, 6 ],
    "to": [ 10, 4, 10 ],
    "faces": {
        "down":  { "uv": [ 7.5, 15.5, 8, 16 ], "texture": "#flowerpot", "cullface": "down" },
        "up":    { "uv": [ 4, 4, 12.5, 12.5 ], "texture": "#dirt" }
    }
},
{
    "from": [ 6, 0, 10 ],
    "to": [ 10, 6, 11 ],
    "faces": {
        "down":  { "uv": [ 7.5, 15.5, 8, 16 ], "texture": "#flowerpot", "cullface": "down" },
        "up":    { "uv": [ 6, 10, 10, 11 ], "texture": "#flowerpot" },
        "north": { "uv": [ 6, 11, 10, 16 ], "texture": "#flowerpot" },
        "south": { "uv": [ 6, 11, 10, 16 ], "texture": "#flowerpot" }
    }
},
{
    "from": [ 6, 0, 5 ],
    "to": [ 10, 6, 6 ],
    "faces": {
        "down":  { "uv": [ 7.5, 15.5, 8, 16 ], "texture": "#flowerpot", "cullface": "down" },
        "up":    { "uv": [ 6, 5, 10, 6 ], "texture": "#flowerpot" },
        "north": { "uv": [ 6, 11, 10, 16 ], "texture": "#flowerpot" },
        "south": { "uv": [ 6, 11, 10, 16 ], "texture": "#flowerpot" }
    }
},
{
    "from": [ 10, 0, 5 ],
    "to": [ 11, 6, 11 ],
    "faces": {
        "down":  { "uv": [ 7.5, 15.5, 8, 16 ], "texture": "#flowerpot", "cullface": "down" },
        "up":    { "uv": [ 10, 5, 11, 11 ], "texture": "#flowerpot" },
        "north": { "uv": [ 5, 11, 6, 16 ], "texture": "#flowerpot" },
        "south": { "uv": [ 10, 11, 11, 16 ], "texture": "#flowerpot" },
        "west":  { "uv": [ 5, 11, 11, 16 ], "texture": "#flowerpot" },
        "east":  { "uv": [ 5, 11, 11, 16 ], "texture": "#flowerpot" }
    }
},
{
    "from": [ 5, 0, 5 ],
    "to": [ 6, 6, 11 ],
    "faces": {
        "down":  { "uv": [ 7.5, 15.5, 8, 16 ], "texture": "#flowerpot", "cullface": "down" },
        "up":    { "uv": [ 5, 5, 6, 11 ], "texture": "#flowerpot" },
        "north": { "uv": [ 10, 11, 11, 16 ], "texture": "#flowerpot" },
        "south": { "uv": [ 5, 11, 6, 16 ], "texture": "#flowerpot" },
        "west":  { "uv": [ 5, 11, 11, 16 ], "texture": "#flowerpot" },
        "east":  { "uv": [ 5, 11, 11, 16 ], "texture": "#flowerpot" }
    }
}
],
"display": {
    "thirdperson": {
        "rotation": [ 34, -52, 153 ],
        "translation": [ 0, 0.8, -3.7 ],
        "scale": [ 0.8, 0.8, 0.8 ]
    },
    "head": {
        "rotation": [ 0, 0, 0 ],
        "translation": [ 0, 8.4, 0 ],
        "scale": [ 1.2, 1.2, 1.2 ]
    },
    "ground": {
        "rotation": [ 0, 0, 0 ],
        "translation": [ 0, 1, 0 ],
        "scale": [ 1.5, 1.5, 1.5 ]
    },
    "firstperson": {
        "rotation": [ 0, 0, 0 ],
        "translation": [ 0, 5, 0 ],
        "scale": [ 1.8, 1.8, 1.8 ]
    },
    "gui": {
        "rotation": [ 0, 0, 0 ],
        "translation": [ 0, 0.5, 0 ],
        "scale": [ 1.2, 1.2, 1.2 ]
    }
}
}