{
	"__comment": "Designed by Sphax for PureBDcraft - http://bdcraft.net",
    "variants": {
        "snowy=false": [
            { "model": "grass_normal", "weight": 40 },
            { "model": "bdc_grass_normal01", "weight": 40, "y": 90 },
            { "model": "bdc_grass_normal02", "weight": 40, "y": 180 },
            { "model": "bdc_grass_normal03", "weight": 40, "y": 270 },
            { "model": "bdc_grass_normal04", "weight": 40 },
            { "model": "bdc_grass_normal05", "weight": 40 },
            { "model": "bdc_grass_normal06", "weight": 2 },
            { "model": "bdc_grass_normal07", "weight": 1 }
        ],
        "snowy=true":  { "model": "grass_snowed" }
    }
}
